<properties>
  	<java.version>1.8</java.version>
  <failOnMissingWebXml>false</failOnMissingWebXml>
  </properties>
  
  <dependencies>

<dependency>
    <groupId>javax.servlet</groupId>
    <artifactId>javax.servlet-api</artifactId>
    <version>3.1.0</version>
    <scope>provided</scope>
</dependency>
    
    
  </dependencies>
  <build>
    <finalName>Day4-ServletDemo</finalName>
    <sourceDirectory>src/main/java</sourceDirectory>
    
    <plugins>
      <plugin>
        <groupId>org.apache.maven.plugins</groupId>
        <artifactId>maven-compiler-plugin</artifactId>
        <version>3.7.0</version>
        <configuration>
       	<target>${java.version}</target>
        <source>${java.version}</source>
        </configuration>
      </plugin>
      <plugin>
      	<groupId>org.apache.maven.plugins</groupId>
      	<artifactId>maven-war-plugin</artifactId>
      	<version>3.0.0</version>
      </plugin>
      
      
    </plugins>
  </build>
