<?xml version="1.0" encoding="UTF-8"?>
<!DOCTYPE hibernate-configuration PUBLIC
"-//Hibernate/Hibernate Configuration DTD//EN"
"http://hibernate.sourceforge.net/hibernate-configuration-5.0.dtd">

<hibernate-configuration>
<session-factory>
<property name="hibernate.connection.driver_class">com.mysql.jdbc.Driver</property>
<property name="hibernate.connection.url">jdbc:mysql://localhost:3306/hibernate5</property>
<property name="hibernate.connection.username">root</property>
<property name="hibernate.connection.password">admin</property>
<property name="hibernate.connection.pool_size">10</property>
<property name="show_sql">true</property>
<property name="dialect">org.hibernate.dialect.MySQLDialect</property>
<property name="hibernate.current_session_context_class">thread</property>
	<!--  Disable the second-level cache-->
    <property name="cache.provider_class">org.hibernate.cache.NoCacheProvider</property>

    <!-- Show all executed SQL to stdout -->
    <property name="show_sql">true</property> 
        
    <!--  Drop and re-create the database schema on startup -->
    <property name="hbm2ddl.auto">create</property> 	

<mapping class="org.cap.demo.Book" />


</session-factory>
</hibernate-configuration>