<project xmlns="http://maven.apache.org/POM/4.0.0" xmlns:xsi="http://www.w3.org/2001/XMLSchema-instance"
  xsi:schemaLocation="http://maven.apache.org/POM/4.0.0 http://maven.apache.org/maven-v4_0_0.xsd">
  <modelVersion>4.0.0</modelVersion>
  <groupId>com.capgemini</groupId>
  <artifactId>Day3-Spring5MVC</artifactId>
  <packaging>war</packaging>
  <version>0.0.1-SNAPSHOT</version>
  <name>Day3-Spring5MVC Maven Webapp</name>
  <url>http://maven.apache.org</url>
 <properties>
  	<spring.version>5.0.5.RELEASE</spring.version>
  </properties>
  <dependencies>
  	<dependency>
  		<groupId>org.springframework</groupId>
  		<artifactId>spring-core</artifactId>
  		<version>${spring.version}</version>
  	</dependency>
  	
  	<dependency>
  		<groupId>org.springframework</groupId>
  		<artifactId>spring-context</artifactId>
  		<version>${spring.version}</version>
  	</dependency>
  		<dependency>
  		<groupId>org.springframework</groupId>
  		<artifactId>spring-webmvc</artifactId>
  		<version>${spring.version}</version>
  	</dependency>
  	
 <dependency>
 	<groupId>javax.servlet</groupId>
 	<artifactId>javax.servlet-api</artifactId>
 	<version>3.1.0</version>
 	<scope>provided</scope>
 </dependency>
 
  <!-- Hibernate Validator -->
        <dependency>
            <groupId>org.hibernate</groupId>
            <artifactId>hibernate-validator</artifactId>
            <version>5.4.1.Final</version>
        </dependency>
 
 <dependency>
 	<groupId>javax.servlet.jsp</groupId>
 	<artifactId>javax.servlet.jsp-api</artifactId>
 	<version>2.3.0</version>
 	<scope>provided</scope>
 </dependency>
 
<dependency>
    <groupId>javax.servlet</groupId>
    <artifactId>jstl</artifactId>
    <version>1.2</version>
</dependency>
 
  
<dependency>
    <groupId>javax.annotation</groupId>
    <artifactId>jsr250-api</artifactId>
    <version>1.0</version>
</dependency>

 <dependency>
        <groupId>javax.xml.bind</groupId>
        <artifactId>jaxb-api</artifactId>
        <version>2.3.0</version>
    </dependency>

 <!-- Spring ORM -->
    <dependency>
      <groupId>org.springframework</groupId>
      <artifactId>spring-orm</artifactId>
      <version>${spring.version}</version>
    </dependency>
    
    <!-- Hibernate 5.2.9 Final -->
    <dependency>
      <groupId>org.hibernate</groupId>
      <artifactId>hibernate-core</artifactId>
      <version>5.2.9.Final</version>
    </dependency>
    
     <!-- Apache Commons DBCP -->
    <dependency>
      <groupId>org.apache.commons</groupId>
      <artifactId>commons-dbcp2</artifactId>
      <version>2.1.1</version>
    </dependency>
  
  <!-- <dependency>
			<groupId>org.hibernate</groupId>
			<artifactId>hibernate-entitymanager</artifactId>
			<scope>runtime</scope>
			<version>5.2.17.Final</version>
		</dependency> -->
		
		 <!-- Database -->
    <dependency>
      <groupId>mysql</groupId>
      <artifactId>mysql-connector-java</artifactId>
      <version>5.1.6</version>
    </dependency>
  
 </dependencies>
  <build>
  	<plugins>
  		<plugin>
  		<groupId>org.apache.maven.plugins</groupId>
        <artifactId>maven-compiler-plugin</artifactId>
        <version>3.7.0</version>
        <configuration>
          <!-- or whatever version you use -->
         
          <release>10</release>
        </configuration>
  		</plugin>
  		<plugin>
  			<groupId>org.apache.maven.plugins</groupId>
  			<artifactId>maven-war-plugin</artifactId>
  			<version>2.6</version>
  			<configuration>
  				<failOnMissingWebXml>false</failOnMissingWebXml>
  			</configuration>
  		</plugin>
  		
  		
  		
   	</plugins>
  	
  </build>
</project>
