<project xmlns="http://maven.apache.org/POM/4.0.0" xmlns:xsi="http://www.w3.org/2001/XMLSchema-instance"
  xsi:schemaLocation="http://maven.apache.org/POM/4.0.0 http://maven.apache.org/maven-v4_0_0.xsd">
  <modelVersion>4.0.0</modelVersion>
  <groupId>com.capgemini</groupId>
  <artifactId>SpringMVC</artifactId>
  <packaging>war</packaging>
  <version>0.0.1-SNAPSHOT</version>
  <name>SpringMVC Maven Webapp</name>
  <url>http://maven.apache.org</url>
   <properties>
  	<spring.version>5.0.5.RELEASE</spring.version>
  </properties>
  <dependencies>
  	<dependency>
  		<groupId>org.springframework</groupId>
  		<artifactId>spring-core</artifactId>
  		<version>${spring.version}</version>
  	</dependency>
  	<dependency>
  		<groupId>org.springframework</groupId>
  		<artifactId>spring-context</artifactId>
  		<version>${spring.version}</version>
  	</dependency>
  	
  		<dependency>
  		<groupId>org.springframework</groupId>
  		<artifactId>spring-webmvc</artifactId>
  		<version>${spring.version}</version>
  	</dependency>
  	
  <!-- https://mvnrepository.com/artifact/javax.annotation/jsr250-api -->
<dependency>
    <groupId>javax.annotation</groupId>
    <artifactId>jsr250-api</artifactId>
    <version>1.0</version>
</dependency>
  
  	<!-- Servlet Dependency -->
        <dependency>
            <groupId>javax.servlet</groupId>
            <artifactId>javax.servlet-api</artifactId>
            <version>3.1.0</version>
            <scope>provided</scope>
        </dependency>
 
        <!-- JSP Dependency -->
        <dependency>
            <groupId>javax.servlet.jsp</groupId>
            <artifactId>javax.servlet.jsp-api</artifactId>
            <version>2.3.1</version>
            <scope>provided</scope>
        </dependency>
 
  	
  </dependencies>
  <build>
  	<plugins>
  		<plugin>
  		<groupId>org.apache.maven.plugins</groupId>
        <artifactId>maven-compiler-plugin</artifactId>
        <version>3.7.0</version>
        <configuration>
          <!-- or whatever version you use -->
         
          <release>10</release>
        </configuration>
  		</plugin>
  		<plugin>
            <groupId>org.apache.maven.plugins</groupId>
            <artifactId>maven-war-plugin</artifactId>
            <version>2.6</version>
            <configuration>
                <failOnMissingWebXml>false</failOnMissingWebXml>
            </configuration>
        </plugin>
   	</plugins>
  	
  </build>
</project>
