<project xmlns="http://maven.apache.org/POM/4.0.0" xmlns:xsi="http://www.w3.org/2001/XMLSchema-instance" xsi:schemaLocation="http://maven.apache.org/POM/4.0.0 http://maven.apache.org/xsd/maven-4.0.0.xsd">
  <modelVersion>4.0.0</modelVersion>
  <groupId>org.cap.demo</groupId>
  <artifactId>TestDemo</artifactId>
  <version>0.0.1-SNAPSHOT</version>
  <dependencies>
  <dependency>
		<groupId>log4j</groupId>
		<artifactId>log4j</artifactId>
		<version>1.2.17</version>
	</dependency>
	</dependencies>
   <build>
  	<plugins>
  		<plugin>
  		<groupId>org.apache.maven.plugins</groupId>
        <artifactId>maven-compiler-plugin</artifactId>
        <version>3.7.0</version>
        <configuration>
          <!-- or whatever version you use -->
          <release>10</release>
        </configuration>
  		</plugin>
   	</plugins>
 </build>
</project>
