<project xmlns="http://maven.apache.org/POM/4.0.0" xmlns:xsi="http://www.w3.org/2001/XMLSchema-instance"
  xsi:schemaLocation="http://maven.apache.org/POM/4.0.0 http://maven.apache.org/maven-v4_0_0.xsd">
  <modelVersion>4.0.0</modelVersion>
  <groupId>com.capgemini</groupId>
  <artifactId>day2-Spring5MVC</artifactId>
  <packaging>war</packaging>
  <version>0.0.1-SNAPSHOT</version>
  <name>day2-Spring5MVC Maven Webapp</name>
  <url>http://maven.apache.org</url>
   <properties>
    	<spring.version>5.0.5.RELEASE</spring.version>
    	<hibernate.validator.version>5.1.2.Final</hibernate.validator.version>
        <javax.validation.version>1.1.0.Final</javax.validation.version>
  </properties>
  <dependencies>
    <!-- jsr303 validation dependencies-->
        <dependency>
            <groupId>javax.validation</groupId>
            <artifactId>validation-api</artifactId>
            <version>${javax.validation.version}</version>
        </dependency>
        <dependency>
            <groupId>org.hibernate</groupId>
            <artifactId>hibernate-validator</artifactId>
            <version>${hibernate.validator.version}</version>
        </dependency>
         <dependency>
        <groupId>javax.xml.bind</groupId>
        <artifactId>jaxb-api</artifactId>
        <version>2.3.0</version>
    </dependency>
  
   <dependency>
  		<groupId>org.springframework</groupId>
  		<artifactId>spring-core</artifactId>
  		<version>${spring.version}</version>
  	</dependency>
  	<dependency>
  		<groupId>org.springframework</groupId>
  		<artifactId>spring-context</artifactId>
  		<version>${spring.version}</version>
  	</dependency>
  	<dependency>
  		<groupId>org.springframework</groupId>
  		<artifactId>spring-webmvc</artifactId>
  		<version>${spring.version}</version>
  	</dependency>
  	
  	<dependency>
  		<groupId>javax.servlet</groupId>
  		<artifactId>javax.servlet-api</artifactId>
  		<version>3.1.0</version>
  	</dependency>
  	
  	 <!-- JSTL Dependency -->
        <dependency>
            <groupId>javax.servlet.jsp.jstl</groupId>
            <artifactId>javax.servlet.jsp.jstl-api</artifactId>
            <version>1.2.1</version>
        </dependency>
         
        <dependency>
            <groupId>taglibs</groupId>
            <artifactId>standard</artifactId>
            <version>1.1.2</version>
        </dependency>
  	
  	<dependency>
  		<groupId>javax.servlet.jsp</groupId>
  		<artifactId>javax.servlet.jsp-api</artifactId>
  		<version>2.3.1</version>
  	</dependency>
  	
  	
  	
    
  </dependencies>
  <build>
    <finalName>day2-Spring5MVC</finalName>
     <sourceDirectory>src/main/java</sourceDirectory>
        <resources>
            <resource>
                <directory>src/main/resources</directory>
            </resource>
        </resources>
    <plugins>
      <plugin>
        <groupId>org.apache.maven.plugins</groupId>
        <artifactId>maven-compiler-plugin</artifactId>
        <version>3.7.0</version>
        <configuration>
       	 <release>10</release>
        </configuration>
      </plugin>
      <plugin>
      	<groupId>org.apache.maven.plugins</groupId>
      	<artifactId>maven-war-plugin</artifactId>
      	<version>3.0.0</version>
      </plugin>
    </plugins>
  </build>
   

</project>
