<project xmlns="http://maven.apache.org/POM/4.0.0" xmlns:xsi="http://www.w3.org/2001/XMLSchema-instance" xsi:schemaLocation="http://maven.apache.org/POM/4.0.0 http://maven.apache.org/xsd/maven-4.0.0.xsd">
  <modelVersion>4.0.0</modelVersion>
  <groupId>com.capgemini</groupId>
  <artifactId>ClientSoap</artifactId>
  <version>0.0.1-SNAPSHOT</version>
  
    <properties>
        <project.build.sourceEncoding>UTF-8</project.build.sourceEncoding>
    </properties>

    <dependencies>
    <dependency>
    <groupId>com.sun.xml.messaging.saaj</groupId>
    <artifactId>saaj-impl</artifactId>
    <version>1.4.0</version>
</dependency>     
        <dependency>
            <groupId>javax.xml.ws</groupId>
            <artifactId>jaxws-api</artifactId>
            <version>2.2.3</version>
        </dependency>
        <dependency>
            <groupId>com.sun.xml.ws</groupId>
            <artifactId>jaxws-rt</artifactId>
            <version>2.1.3</version>
        </dependency>
        <dependency>
            <groupId>junit</groupId>
            <artifactId>junit</artifactId>
            <version>4.12</version>
            <scope>test</scope>
        </dependency>
    </dependencies>
  <build>
  	<plugins>
  		<plugin>
  		<groupId>org.apache.maven.plugins</groupId>
        <artifactId>maven-compiler-plugin</artifactId>
        <version>3.7.0</version>
        <configuration>
          <!-- or whatever version you use -->
          <release>10</release>
        </configuration>
  		</plugin>
   	</plugins>
  	
  </build>
</project>
