<project xmlns="http://maven.apache.org/POM/4.0.0" xmlns:xsi="http://www.w3.org/2001/XMLSchema-instance"
	xsi:schemaLocation="http://maven.apache.org/POM/4.0.0 http://maven.apache.org/maven-v4_0_0.xsd">
	<modelVersion>4.0.0</modelVersion>
	<groupId>com.mkyong.common</groupId>
	<artifactId>RESTfulExample</artifactId>
	<packaging>war</packaging>
	<version>1.0-SNAPSHOT</version>
	<name>RESTfulExample Maven Webapp</name>
	<url>http://maven.apache.org</url>

	<repositories>
		<repository>
			<id>maven2-repository.java.net</id>
			<name>Java.net Repository for Maven</name>
			<url>http://download.java.net/maven/2/</url>
			<layout>default</layout>
		</repository>
	</repositories>

	<dependencies>
		<dependency>
			<groupId>junit</groupId>
			<artifactId>junit</artifactId>
			<version>4.8.2</version>
			<scope>test</scope>
		</dependency>
<dependency>
  	<groupId>javax.servlet</groupId>
  	<artifactId>javax.servlet-api</artifactId>
  	<version>3.1.0</version>
  	<scope>provided</scope>
  </dependency>
<dependency>
    <groupId>javax.servlet.jsp</groupId>
    <artifactId>jsp-api</artifactId>
    <version>2.2</version>
    <scope>provided</scope>
</dependency>

<dependency>
    <groupId>javax.servlet</groupId>
    <artifactId>jstl</artifactId>
    <version>1.2</version>
</dependency>
		<dependency>
			<groupId>com.sun.jersey</groupId>
			<artifactId>jersey-server</artifactId>
			<version>1.8</version>
		</dependency>

		<dependency>
			<groupId>com.sun.jersey</groupId>
			<artifactId>jersey-json</artifactId>
			<version>1.8</version>
		</dependency>

	</dependencies>

	<build>
		<finalName>RESTfulExample</finalName>
		<plugins>
			<plugin>
				<artifactId>maven-compiler-plugin</artifactId>
				<configuration>
					<release>10</release>
				</configuration>
			</plugin>
		</plugins>
	</build>

</project>
